{
  "summary": {
    "total_trades": 45,
    "total_net_pnl": -8.769608240563525,
    "total_fees": 2.0452333,
    "win_rate": 0.2857142857142857,
    "winners": 4,
    "losers": 10,
    "total_spent": 384.7399618469999,
    "total_received": 312.4460413
  },
  "by_symbol": {
    "SPX/USD": {
      "pnl": -0.001280000000000174,
      "pnl_pct": -0.0514972420812998,
      "num_buys": 2,
      "num_sells": 2,
      "avg_buy": 0.3132551530313247,
      "avg_sell": 0.313093835266836,
      "total_volume": 4.969860000000001
    },
    "MERL/USD": {
      "pnl": -0.31785000000000013,
      "pnl_pct": -17.748753371341785,
      "num_buys": 1,
      "num_sells": 1,
      "avg_buy": 0.05712988696715182,
      "avg_sell": 0.04699004422802571,
      "total_volume": 3.26381
    },
    "1INCH/USD": {
      "pnl": -0.003069898519177352,
      "pnl_pct": -0.23181992351783975,
      "num_buys": 1,
      "num_sells": 2,
      "avg_buy": 0.11730003393946883,
      "avg_sell": 0.11702810909050396,
      "total_volume": 4.94813
    },
    "KTA/USD": {
      "pnl": -0.03321000000000007,
      "pnl_pct": -2.613643518227038,
      "num_buys": 1,
      "num_sells": 1,
      "avg_buy": 0.27930021079841827,
      "avg_sell": 0.27200029894249095,
      "total_volume": 2.50807
    },
    "NEAR/USD": {
      "pnl": 0.6918899999999981,
      "pnl_pct": 0.8948826818879541,
      "num_buys": 2,
      "num_sells": 2,
      "avg_buy": 1.3906228524751796,
      "avg_sell": 1.4030672955523562,
      "total_volume": 155.32444999999998
    },
    "KAVA/USD": {
      "pnl": -3.4762600000000115,
      "pnl_pct": -4.745166359832808,
      "num_buys": 1,
      "num_sells": 1,
      "avg_buy": 0.056899997473530035,
      "avg_sell": 0.05419999793467037,
      "total_volume": 143.04167999999999
    },
    "ZORA/USD": {
      "pnl": 0.044269999999999796,
      "pnl_pct": 0.7208395411506974,
      "num_buys": 2,
      "num_sells": 2,
      "avg_buy": 0.025913291139240506,
      "avg_sell": 0.026100084388185653,
      "total_volume": 12.327169999999999
    },
    "RENDER/USD": {
      "pnl": -0.001568600000000332,
      "pnl_pct": -0.06328291987700574,
      "num_buys": 2,
      "num_sells": 2,
      "avg_buy": 1.6050078349607604,
      "avg_sell": 1.6039921391385425,
      "total_volume": 4.9558512
    },
    "MON/USD": {
      "pnl": -0.0006599999999999005,
      "pnl_pct": -0.0529856617587976,
      "num_buys": 1,
      "num_sells": 1,
      "avg_buy": 0.018820014891384754,
      "avg_sell": 0.01881004298195145,
      "total_volume": 2.49058
    },
    "SAHARA/USD": {
      "pnl": -3.372576442044331,
      "pnl_pct": -2.3843232004742143,
      "num_buys": 2,
      "num_sells": 2,
      "avg_buy": 0.02844275438305142,
      "avg_sell": 0.027764587191442428,
      "total_volume": 279.69907
    },
    "OPEN/USD": {
      "pnl": 0.028029999999999795,
      "pnl_pct": 2.1198233354508655,
      "num_buys": 1,
      "num_sells": 1,
      "avg_buy": 0.1556999183984909,
      "avg_sell": 0.15900048160198008,
      "total_volume": 2.6725899999999996
    },
    "FXS/USD": {
      "pnl": -0.31374000000000096,
      "pnl_pct": -7.287246273804815,
      "num_buys": 3,
      "num_sells": 3,
      "avg_buy": 0.8715371863669944,
      "avg_sell": 0.8080261252286423,
      "total_volume": 8.29692
    },
    "FARTCOIN/USD": {
      "pnl": 0.010400000000000048,
      "pnl_pct": 0.8444505793418156,
      "num_buys": 1,
      "num_sells": 1,
      "avg_buy": 0.22490074980916935,
      "avg_sell": 0.22679992549387698,
      "total_volume": 2.47354
    },
    "USELESS/USD": {
      "pnl": 0.02124999999999995,
      "pnl_pct": 1.7023560607881238,
      "num_buys": 1,
      "num_sells": 1,
      "avg_buy": 0.04699981625841898,
      "avg_sell": 0.04779992047905346,
      "total_volume": 2.5177899999999998
    }
  },
  "detailed_trades": {
    "SPX/USD": [
      {
        "time": "2026-02-02 14:46",
        "side": "buy",
        "price": 0.3141,
        "amount": 3.99364,
        "cost": 1.2544,
        "fee": 0.00502
      },
      {
        "time": "2026-02-02 14:51",
        "side": "sell",
        "price": 0.3121,
        "amount": 3.99364,
        "cost": 1.24642,
        "fee": 0.00499
      },
      {
        "time": "2026-02-02 14:55",
        "side": "buy",
        "price": 0.3124,
        "amount": 3.94101,
        "cost": 1.23117,
        "fee": 0.00492
      },
      {
        "time": "2026-02-02 14:59",
        "side": "sell",
        "price": 0.3141,
        "amount": 3.94101,
        "cost": 1.23787,
        "fee": 0.00495
      }
    ],
    "MERL/USD": [
      {
        "time": "2026-02-01 21:30",
        "side": "buy",
        "price": 0.05713,
        "amount": 31.34664,
        "cost": 1.79083,
        "fee": 0.00716
      },
      {
        "time": "2026-02-02 13:10",
        "side": "sell",
        "price": 0.04699,
        "amount": 31.34664,
        "cost": 1.47298,
        "fee": 0.00589
      }
    ],
    "1INCH/USD": [
      {
        "time": "2026-02-01 22:35",
        "side": "sell",
        "price": 0.1167,
        "amount": 19.67629757,
        "cost": 2.29622,
        "fee": 0.00918
      },
      {
        "time": "2026-02-01 22:36",
        "side": "buy",
        "price": 0.1173,
        "amount": 11.2895108,
        "cost": 1.32426,
        "fee": 0.0053
      },
      {
        "time": "2026-02-02 11:36",
        "side": "sell",
        "price": 0.1176,
        "amount": 11.2895108,
        "cost": 1.32765,
        "fee": 0.00531
      }
    ],
    "KTA/USD": [
      {
        "time": "2026-02-02 14:47",
        "side": "buy",
        "price": 0.2793,
        "amount": 4.54937,
        "cost": 1.27064,
        "fee": 0.00508
      },
      {
        "time": "2026-02-02 14:50",
        "side": "sell",
        "price": 0.272,
        "amount": 4.54937,
        "cost": 1.23743,
        "fee": 0.00495
      }
    ],
    "NEAR/USD": [
      {
        "time": "2026-03-02 21:17",
        "side": "buy",
        "price": 1.361,
        "amount": 2.46978707,
        "cost": 3.36138,
        "fee": 0.0084
      },
      {
        "time": "2026-03-02 21:35",
        "side": "sell",
        "price": 1.383,
        "amount": 2.469787,
        "cost": 3.41572,
        "fee": 0.00854
      },
      {
        "time": "2026-03-02 22:24",
        "side": "buy",
        "price": 1.392,
        "amount": 53.12852261,
        "cost": 73.9549,
        "fee": 0.29582
      },
      {
        "time": "2026-03-02 22:46",
        "side": "sell",
        "price": 1.404,
        "amount": 53.12852268,
        "cost": 74.59245,
        "fee": 0.18648
      }
    ],
    "KAVA/USD": [
      {
        "time": "2026-03-03 00:07",
        "side": "buy",
        "price": 0.0569,
        "amount": 1287.5039236,
        "cost": 73.25897,
        "fee": 0.18315
      },
      {
        "time": "2026-03-03 01:43",
        "side": "sell",
        "price": 0.0542,
        "amount": 1287.5039236,
        "cost": 69.78271,
        "fee": 0.27913
      }
    ],
    "ZORA/USD": [
      {
        "time": "2026-02-01 23:40",
        "side": "buy",
        "price": 0.026341,
        "amount": 91.983,
        "cost": 2.42292,
        "fee": 0.00969
      },
      {
        "time": "2026-02-01 23:43",
        "side": "sell",
        "price": 0.026425,
        "amount": 91.983,
        "cost": 2.43065,
        "fee": 0.00972
      },
      {
        "time": "2026-02-02 12:43",
        "side": "buy",
        "price": 0.025642,
        "amount": 145.017,
        "cost": 3.71853,
        "fee": 0.01487
      },
      {
        "time": "2026-02-02 14:45",
        "side": "sell",
        "price": 0.025894,
        "amount": 145.017,
        "cost": 3.75507,
        "fee": 0.01502
      }
    ],
    "RENDER/USD": [
      {
        "time": "2026-02-02 14:47",
        "side": "buy",
        "price": 1.611,
        "amount": 0.77319,
        "cost": 1.2456091,
        "fee": 0.0049824
      },
      {
        "time": "2026-02-02 14:51",